supplier_id,supplier_score
1,0.4922985347985348
2,0.5282326007326006
3,0.44999999999999996
4,0.55
